Persian_(cat)_silver.jpg	persian-cat
persian-cat-2.jpg	persian-cat
Persian_85.jpg	persian-cat
persian-cat-4.jpg	persian-cat
Surprised_Siamese_cat_in_suburb_nature.jpg	siamese-cat
siamese-cat-3.jpg	siamese-cat
Siamese_70.jpg	siamese-cat
siamese-cat-4.jpg	siamese-cat
siamese-cat-5.jpg	siamese-cat
maine-coon.jpg	maine-coon-cat
maine-coon-3.jpg	maine-coon-cat
maine-coon-4.jpg	maine-coon-cat
maine-coon-5.jpg	maine-coon-cat
american-shorthair-card-small.jpg	american-shorthair-cat
american-shorthair-2.jpg	american-shorthair-cat
american-shorthair-3.jpg	american-shorthair-cat
Abyssinian.png	abyssinian-cat
abyssinian-2.jpg	abyssinian-cat
abyssinian-cat-3.png	abyssinian-cat
abyssinian-cat-4.jpg	abyssinian-cat
ragdoll-cat.jpg	ragdoll-cat
ragdoll-cat-2.jpg	ragdoll-cat
ragdoll-cat-3.png	ragdoll-cat
ragdoll-cat-4.png	ragdoll-cat
ragdoll-cat-5.png	ragdoll-cat
himalayan-cat.png	himalayan-cat
himalayan-cat-2.png	himalayan-cat
himalayan-cat-3.jpg	himalayan-cat
himalayan-cat-4.jpg	himalayan-cat
himalayan-cat-5.jpg	himalayan-cat
bengal-cat.jpg	bengal-cat
bengal-cat-2.jpg	bengal-cat
bengal-cat-3.jpg	bengal-cat
bengal-cat-4.jpg	bengal-cat
bengal-cat-5.jpg	bengal-cat
russian-blue-cat.jpg	russian-blue-cat
russian-blue-cat-2.jpg	russian-blue-cat
russian-blue-cat-3.jpg	russian-blue-cat
russian-blue-cat-4.jpg	russian-blue-cat
russian-blue-cat-5.jpg	russian-blue-cat